{
   "creator": "Yosys 0.60 (git sha1 5bafeb77dc71e054fa331ab9efa613e6fb0a1c49, clang++ 21.1.2 -fPIC -O3)",
   "invocation": "stat -json -liberty /workspaces/IR-Remote-Decoder/TopLevel/src/runs/Chip_run/tmp/bc4d5e95b1ae4d52af5ac979c497ad63.lib -liberty /workspaces/IR-Remote-Decoder/TopLevel/src/runs/Chip_run/tmp/92906436c3a1454888b9348359ff549c.lib ",
   "modules": {
      "\\ir_recorder_replay_chip_top": {
         "num_wires":         2954,
         "num_wire_bits":     2956,
         "num_pub_wires":     721,
         "num_pub_wire_bits": 723,
         "num_ports":         20,
         "num_port_bits":     22,
         "num_memories":      0,
         "num_memory_bits":   0,
         "num_processes":     0,
         "num_cells":         2948,
         "num_submodules":       0,
         "area":              59305.969800,
         "sequential_area":    35320.924800,
         "num_cells_by_type": {
            "sg13g2_a21o_1": 31,
            "sg13g2_a21oi_1": 166,
            "sg13g2_a221oi_1": 10,
            "sg13g2_a22oi_1": 35,
            "sg13g2_and2_1": 53,
            "sg13g2_and3_1": 21,
            "sg13g2_and4_1": 13,
            "sg13g2_buf_1": 3,
            "sg13g2_dfrbpq_1": 721,
            "sg13g2_inv_1": 145,
            "sg13g2_mux2_1": 387,
            "sg13g2_mux4_1": 22,
            "sg13g2_nand2_1": 150,
            "sg13g2_nand2b_1": 69,
            "sg13g2_nand3_1": 84,
            "sg13g2_nand3b_1": 10,
            "sg13g2_nand4_1": 32,
            "sg13g2_nor2_1": 197,
            "sg13g2_nor2b_1": 35,
            "sg13g2_nor3_1": 78,
            "sg13g2_nor4_1": 36,
            "sg13g2_o21ai_1": 305,
            "sg13g2_or2_1": 26,
            "sg13g2_or3_1": 15,
            "sg13g2_or4_1": 13,
            "sg13g2_tiehi": 200,
            "sg13g2_xnor2_1": 58,
            "sg13g2_xor2_1": 33
         }
      }
   },
      "design": {
         "num_wires":         2954,
         "num_wire_bits":     2956,
         "num_pub_wires":     721,
         "num_pub_wire_bits": 723,
         "num_ports":         20,
         "num_port_bits":     22,
         "num_memories":      0,
         "num_memory_bits":   0,
         "num_processes":     0,
         "num_cells":         2948,
         "num_submodules":       0,
         "area":              59305.969800,
         "sequential_area":    35320.924800,
         "num_cells_by_type": {
            "sg13g2_a21o_1": 31,
            "sg13g2_a21oi_1": 166,
            "sg13g2_a221oi_1": 10,
            "sg13g2_a22oi_1": 35,
            "sg13g2_and2_1": 53,
            "sg13g2_and3_1": 21,
            "sg13g2_and4_1": 13,
            "sg13g2_buf_1": 3,
            "sg13g2_dfrbpq_1": 721,
            "sg13g2_inv_1": 145,
            "sg13g2_mux2_1": 387,
            "sg13g2_mux4_1": 22,
            "sg13g2_nand2_1": 150,
            "sg13g2_nand2b_1": 69,
            "sg13g2_nand3_1": 84,
            "sg13g2_nand3b_1": 10,
            "sg13g2_nand4_1": 32,
            "sg13g2_nor2_1": 197,
            "sg13g2_nor2b_1": 35,
            "sg13g2_nor3_1": 78,
            "sg13g2_nor4_1": 36,
            "sg13g2_o21ai_1": 305,
            "sg13g2_or2_1": 26,
            "sg13g2_or3_1": 15,
            "sg13g2_or4_1": 13,
            "sg13g2_tiehi": 200,
            "sg13g2_xnor2_1": 58,
            "sg13g2_xor2_1": 33
         }
      }
}

